[
  {
    "type": "H1",
    "page": 1,
    "rect": [
      72.0,
      678.332,
      180.64798,
      41.18402
    ],
    "text": "Sample PDF"
  },
  {
    "type": "H1",
    "page": 1,
    "rect": [
      72.0,
      656.166,
      284.00394,
      20.951965
    ],
    "text": "This is a simple PDF ?le. Fun fun fun."
  },
  {
    "type": "H1",
    "page": 1,
    "rect": [
      72.0,
      626.444,
      471.38403,
      14.160034
    ],
    "text": "Lorem ipsum dolor sit amet,  consectetuer adipiscing elit. Phasellus facilisis odio sed mi. "
  },
  {
    "type": "H1",
    "page": 1,
    "rect": [
      72.0,
      611.444,
      471.456,
      14.160034
    ],
    "text": "Curabitur suscipit. Nullam vel nisi. Etiam semper ipsum ut lectus. Proin aliquam, erat eget "
  },
  {
    "type": "H1",
    "page": 1,
    "rect": [
      72.0,
      596.444,
      471.44403,
      14.160034
    ],
    "text": "pharetra  commodo,  eros  mi  condimentum  quam,  sed  commodo  justo  quam  ut  velit. "
  },
  {
    "type": "H1",
    "page": 1,
    "rect": [
      72.0,
      581.444,
      471.39587,
      14.160034
    ],
    "text": "Integer  a  erat.  Cras  laoreet  ligula  cursus  enim.  Aenean  scelerisque  velit  et  tellus. "
  },
  {
    "type": "H1",
    "page": 1,
    "rect": [
      72.0,
      566.444,
      471.38397,
      14.160034
    ],
    "text": "Vestibulum dictum aliquet sem.  Nulla  facilisi.  Vestibulum accumsan  ante  vitae  elit.  Nulla "
  },
  {
    "type": "H1",
    "page": 1,
    "rect": [
      72.0,
      551.444,
      471.43195,
      14.160034
    ],
    "text": "erat  dolor,  blandit  in,  rutrum  quis,  semper  pulvinar,  enim.  Nullam varius  congue  risus. "
  },
  {
    "type": "H1",
    "page": 1,
    "rect": [
      72.0,
      536.444,
      471.41992,
      14.160034
    ],
    "text": "Vivamus  sollicitudin,  metus  ut  interdum  eleifend,  nisi  tellus  pellentesque  elit,  tristique "
  },
  {
    "type": "H1",
    "page": 1,
    "rect": [
      72.0,
      521.444,
      471.41998,
      14.160034
    ],
    "text": "accumsan  eros  quam et  risus.  Suspendisse  libero  odio,  mattis  sit  amet,  aliquet  eget, "
  },
  {
    "type": "H1",
    "page": 1,
    "rect": [
      72.0,
      506.444,
      471.432,
      14.160004
    ],
    "text": "hendrerit vel, nulla. Sed vitae augue. Aliquam erat volutpat. Aliquam feugiat vulputate nisl. "
  },
  {
    "type": "H1",
    "page": 1,
    "rect": [
      72.0,
      491.444,
      471.5041,
      14.160004
    ],
    "text": "Suspendisse quis nulla pretium ante pretium mollis. Proin velit ligula, sagittis at, egestas a, "
  },
  {
    "type": "H1",
    "page": 1,
    "rect": [
      72.0,
      476.444,
      91.104004,
      14.160004
    ],
    "text": "pulvinar quis, nisl."
  },
  {
    "type": "H1",
    "page": 1,
    "rect": [
      72.0,
      446.444,
      471.43195,
      14.160004
    ],
    "text": "Pellentesque  sit  amet  lectus.  Praesent  pulvinar,  nunc  quis  iaculis  sagittis,  justo  quam "
  },
  {
    "type": "H1",
    "page": 1,
    "rect": [
      72.0,
      431.444,
      471.396,
      14.160004
    ],
    "text": "lobortis tortor,  sed vestibulum dui metus venenatis est.  Nunc  cursus ligula. Nulla facilisi. "
  },
  {
    "type": "H1",
    "page": 1,
    "rect": [
      72.0,
      416.444,
      471.4319,
      14.160004
    ],
    "text": "Phasellus ullamcorper consectetuer ante. Duis tincidunt, urna id condimentum luctus, nibh "
  },
  {
    "type": "H1",
    "page": 1,
    "rect": [
      72.0,
      401.444,
      471.43195,
      14.160004
    ],
    "text": "ante  vulputate  sapien,  id  sagittis  massa orci  ut  enim.  Pellentesque  vestibulum convallis "
  },
  {
    "type": "H1",
    "page": 1,
    "rect": [
      72.0,
      386.444,
      471.41998,
      14.160004
    ],
    "text": "sem.  Nulla consequat quam ut nisl.  Nullam est.  Curabitur tincidunt dapibus lorem.  Proin "
  },
  {
    "type": "H1",
    "page": 1,
    "rect": [
      72.0,
      371.444,
      471.44403,
      14.160004
    ],
    "text": "velit  turpis,  scelerisque  sit  amet,  iaculis  nec,  rhoncus  ac,  ipsum.  Phasellus  lorem arcu, "
  },
  {
    "type": "H1",
    "page": 1,
    "rect": [
      72.0,
      356.444,
      471.36005,
      14.160004
    ],
    "text": "feugiat  eu,  gravida  eu,  consequat  molestie,  ipsum.  Nullam  vel  est  ut  ipsum  volutpat "
  },
  {
    "type": "H1",
    "page": 1,
    "rect": [
      72.0,
      341.444,
      152.268,
      14.160004
    ],
    "text": "feugiat. Aenean pellentesque."
  },
  {
    "type": "H1",
    "page": 1,
    "rect": [
      72.0,
      311.444,
      471.456,
      14.160004
    ],
    "text": "In mauris.  Pellentesque  dui  nisi, iaculis eu, rhoncus in, venenatis ac, ante.  Ut odio justo, "
  },
  {
    "type": "H1",
    "page": 1,
    "rect": [
      72.0,
      296.444,
      471.43195,
      14.160004
    ],
    "text": "scelerisque vel,  facilisis non, commodo a, pede. Cras nec massa sit amet tortor volutpat "
  },
  {
    "type": "H1",
    "page": 1,
    "rect": [
      72.0,
      281.444,
      471.432,
      14.160004
    ],
    "text": "varius. Donec lacinia, neque  a luctus aliquet, pede massa imperdiet ante, at varius lorem "
  },
  {
    "type": "H1",
    "page": 1,
    "rect": [
      72.0,
      266.444,
      471.40802,
      14.160004
    ],
    "text": "pede  sed  sapien.  Fusce  erat nibh,  aliquet in,  eleifend eget,  commodo eget,  erat. Fusce "
  },
  {
    "type": "H1",
    "page": 1,
    "rect": [
      72.0,
      251.444,
      471.456,
      14.160004
    ],
    "text": "consectetuer.  Cras risus tortor,  porttitor nec, tristique  sed,  convallis semper,  eros. Fusce "
  },
  {
    "type": "H1",
    "page": 1,
    "rect": [
      72.0,
      236.444,
      471.40796,
      14.160004
    ],
    "text": "vulputate ipsum a mauris.  Phasellus mollis.  Curabitur sed urna. Aliquam nec sapien  non "
  },
  {
    "type": "H1",
    "page": 1,
    "rect": [
      72.0,
      221.444,
      471.40802,
      14.160004
    ],
    "text": "nibh  pulvinar  convallis.  Vivamus  facilisis  augue  quis  quam.  Proin  cursus  aliquet  metus. "
  },
  {
    "type": "H1",
    "page": 1,
    "rect": [
      72.0,
      206.444,
      471.37195,
      14.160004
    ],
    "text": "Suspendisse lacinia.  Nulla at tellus ac turpis eleifend scelerisque.  Maecenas a pede vitae "
  },
  {
    "type": "H1",
    "page": 1,
    "rect": [
      72.0,
      191.444,
      357.40796,
      14.160004
    ],
    "text": "enim commodo interdum. Donec odio. Sed sollicitudin dui vitae justo."
  },
  {
    "type": "H1",
    "page": 1,
    "rect": [
      72.0,
      161.444,
      471.43195,
      14.160004
    ],
    "text": "Morbi elit nunc, facilisis a, mollis a, molestie at, lectus. Suspendisse eget mauris eu tellus "
  },
  {
    "type": "H1",
    "page": 1,
    "rect": [
      72.0,
      146.444,
      471.36,
      14.160004
    ],
    "text": "molestie  cursus.  Duis  ut  magna at  justo  dignissim  condimentum.  Cum sociis  natoque "
  },
  {
    "type": "H1",
    "page": 1,
    "rect": [
      72.0,
      131.444,
      471.38397,
      14.160004
    ],
    "text": "penatibus et magnis dis parturient montes, nascetur ridiculus mus.  Vivamus varius. Ut sit "
  },
  {
    "type": "H1",
    "page": 1,
    "rect": [
      72.0,
      116.444,
      471.43195,
      14.160004
    ],
    "text": "amet  diam suscipit mauris ornare  aliquam.  Sed  varius.  Duis arcu.  Etiam tristique massa "
  },
  {
    "type": "H1",
    "page": 1,
    "rect": [
      72.0,
      101.444,
      471.43207,
      14.160004
    ],
    "text": "eget dui. Phasellus congue. Aenean est erat, tincidunt eget, venenatis quis, commodo at, "
  },
  {
    "type": "H1",
    "page": 1,
    "rect": [
      72.0,
      86.444,
      32.892,
      14.160004
    ],
    "text": "quam."
  }
]