[
  {
    "type": "H1",
    "page": 1,
    "rect": [
      113.8711,
      670.96796,
      384.5033,
      13.391968
    ],
    "text": "Combined Civil Services Examination - II (Group II and IIA Services)"
  },
  {
    "type": "H1",
    "page": 1,
    "rect": [
      253.3591,
      640.21796,
      105.935974,
      13.391968
    ],
    "text": "Acknowledgement"
  },
  {
    "type": "H1",
    "page": 1,
    "rect": [
      29.167603,
      614.60095,
      115.610916,
      10.044006
    ],
    "text": "Name: PRIYADHARSHINI R"
  },
  {
    "type": "H1",
    "page": 1,
    "rect": [
      29.167603,
      596.60095,
      554.3527,
      10.044006
    ],
    "text": "Application No.: 2480152575 Date: 16-05-2025 05:24 PM"
  },
  {
    "type": "H1",
    "page": 1,
    "rect": [
      29.167603,
      578.60095,
      554.2763,
      10.044006
    ],
    "text": "Notification No.: 08/2024 No. of Documents Uploaded: 8"
  },
  {
    "type": "H1",
    "page": 1,
    "rect": [
      33.667603,
      546.7844,
      540.6053,
      11.718018
    ],
    "text": "S.No Document Name Uploaded On"
  },
  {
    "type": "H1",
    "page": 1,
    "rect": [
      514.8279,
      526.5344,
      53.69702,
      11.718018
    ],
    "text": "16-05-2025"
  },
  {
    "type": "H1",
    "page": 1,
    "rect": [
      41.2381,
      520.5344,
      300.3172,
      11.718018
    ],
    "text": "1. Community Certificate with Father\u0027s Name / Mother\u0027s Name"
  },
  {
    "type": "H1",
    "page": 1,
    "rect": [
      519.2109,
      514.5344,
      44.90851,
      11.718018
    ],
    "text": "05:04 PM"
  },
  {
    "type": "H1",
    "page": 1,
    "rect": [
      514.8279,
      494.28442,
      53.69702,
      11.718018
    ],
    "text": "16-05-2025"
  },
  {
    "type": "H1",
    "page": 1,
    "rect": [
      41.23813,
      488.28442,
      108.56624,
      11.718018
    ],
    "text": "2. SSLC Mark Sheet"
  },
  {
    "type": "H1",
    "page": 1,
    "rect": [
      519.2109,
      482.28442,
      44.90851,
      11.718018
    ],
    "text": "05:05 PM"
  },
  {
    "type": "H1",
    "page": 1,
    "rect": [
      514.8279,
      462.03442,
      53.69702,
      11.718018
    ],
    "text": "16-05-2025"
  },
  {
    "type": "H1",
    "page": 1,
    "rect": [
      41.23813,
      456.03442,
      179.71422,
      11.718018
    ],
    "text": "3. HSC Mark Sheet or its equivalent"
  },
  {
    "type": "H1",
    "page": 1,
    "rect": [
      519.2109,
      450.03442,
      44.90851,
      11.718018
    ],
    "text": "05:05 PM"
  },
  {
    "type": "H1",
    "page": 1,
    "rect": [
      514.8279,
      429.78442,
      53.69702,
      11.718018
    ],
    "text": "16-05-2025"
  },
  {
    "type": "H1",
    "page": 1,
    "rect": [
      41.23813,
      423.78442,
      86.42174,
      11.718018
    ],
    "text": "4. UG Degree 1"
  },
  {
    "type": "H1",
    "page": 1,
    "rect": [
      519.2109,
      417.78442,
      44.90851,
      11.718018
    ],
    "text": "05:05 PM"
  },
  {
    "type": "P",
    "page": 1,
    "rect": [
      187.79263,
      396.58832,
      50.047882,
      8.788483
    ],
    "text": "st th"
  },
  {
    "type": "H1",
    "page": 1,
    "rect": [
      514.8279,
      397.53442,
      53.69702,
      11.718018
    ],
    "text": "16-05-2025"
  },
  {
    "type": "H1",
    "page": 1,
    "rect": [
      41.23813,
      391.53442,
      217.0185,
      11.718018
    ],
    "text": "5. PSTM Certificate (SSLC 1 std to 5 std)"
  },
  {
    "type": "H1",
    "page": 1,
    "rect": [
      519.2109,
      385.53442,
      44.90851,
      11.718018
    ],
    "text": "05:12 PM"
  },
  {
    "type": "P",
    "page": 1,
    "rect": [
      187.79263,
      364.33832,
      56.911118,
      8.788483
    ],
    "text": "st rd"
  },
  {
    "type": "H1",
    "page": 1,
    "rect": [
      514.8279,
      365.28442,
      53.69702,
      11.718018
    ],
    "text": "16-05-2025"
  },
  {
    "type": "H1",
    "page": 1,
    "rect": [
      41.23813,
      359.28442,
      230.30023,
      11.718018
    ],
    "text": "6. PSTM Certificate (UG_1 1 year to 3 year)"
  },
  {
    "type": "H1",
    "page": 1,
    "rect": [
      519.2109,
      353.28442,
      44.90851,
      11.718018
    ],
    "text": "05:22 PM"
  },
  {
    "type": "P",
    "page": 1,
    "rect": [
      187.79263,
      332.08832,
      56.329132,
      8.788483
    ],
    "text": "th th"
  },
  {
    "type": "H1",
    "page": 1,
    "rect": [
      514.8279,
      333.03442,
      53.69702,
      11.718018
    ],
    "text": "16-05-2025"
  },
  {
    "type": "H1",
    "page": 1,
    "rect": [
      41.23813,
      327.03442,
      223.29974,
      11.718018
    ],
    "text": "7. PSTM Certificate (SSLC 6 std to 10 std)"
  },
  {
    "type": "H1",
    "page": 1,
    "rect": [
      519.2109,
      321.03442,
      44.90851,
      11.718018
    ],
    "text": "05:14 PM"
  },
  {
    "type": "P",
    "page": 1,
    "rect": [
      308.7414,
      299.83832,
      56.329132,
      8.788483
    ],
    "text": "th th"
  },
  {
    "type": "H1",
    "page": 1,
    "rect": [
      514.8279,
      300.78442,
      53.69702,
      11.718018
    ],
    "text": "16-05-2025"
  },
  {
    "type": "H1",
    "page": 1,
    "rect": [
      41.23813,
      294.78442,
      344.24924,
      11.718018
    ],
    "text": "8. PSTM Certificate (HSC/ITI/TEACHER TRAINING 11 std to 12 std)"
  },
  {
    "type": "H1",
    "page": 1,
    "rect": [
      519.2109,
      288.78442,
      44.90851,
      11.718018
    ],
    "text": "05:15 PM"
  },
  {
    "type": "H1",
    "page": 1,
    "rect": [
      28.418,
      251.68494,
      25.6935,
      10.5
    ],
    "text": "Note:"
  },
  {
    "type": "H1",
    "page": 1,
    "rect": [
      58.418,
      233.53044,
      525.14795,
      10.762497
    ],
    "text": "You  can  view  and  check  the  uploaded  certificates/documents  through  \"One  Time  Registration  (OTR)\"  in  the"
  },
  {
    "type": "H1",
    "page": 1,
    "rect": [
      58.418,
      218.53044,
      130.83,
      10.762497
    ],
    "text": "uploading documents page."
  },
  {
    "type": "H1",
    "page": 1,
    "rect": [
      58.418,
      203.53044,
      525.0492,
      10.762497
    ],
    "text": "If it is noticed that any of the certificates / documents pertaining to the claims have been wrongly uploaded or"
  },
  {
    "type": "H1",
    "page": 1,
    "rect": [
      58.418,
      188.53044,
      525.05005,
      10.762497
    ],
    "text": "not uploaded, the same must be rectified by uploading the correct certificate / document within the stipulated"
  },
  {
    "type": "H1",
    "page": 1,
    "rect": [
      58.418,
      173.53044,
      110.15918,
      10.762497
    ],
    "text": "time limit through OTR."
  },
  {
    "type": "H1",
    "page": 1,
    "rect": [
      58.418,
      158.53044,
      525.16345,
      10.762497
    ],
    "text": "The  Tamil  Nadu  Public  Service  Commission  should  not  be  held  responsible  for  any  mistake  or  lapse  in  this"
  },
  {
    "type": "H1",
    "page": 1,
    "rect": [
      58.418,
      143.53044,
      284.0145,
      10.762497
    ],
    "text": "regard if any and for consequential rejection of candidature."
  }
]