[
  {
    "type": "H1",
    "page": 1,
    "rect": [
      186.58,
      823.14,
      222.11998,
      18.0
    ],
    "text": "Rural Development \u0026 Panchayat Raj"
  },
  {
    "type": "H1",
    "page": 1,
    "rect": [
      14.923,
      809.04,
      377.03848,
      12.600037
    ],
    "text": "VP Form No:2 Do not waste water, use it economically."
  },
  {
    "type": "H1",
    "page": 1,
    "rect": [
      113.993,
      791.34,
      367.2945,
      16.200012
    ],
    "text": "Santhapatti Village Panchayat, Kadathur Block, Dharmapuri District"
  },
  {
    "type": "H1",
    "page": 1,
    "rect": [
      232.489,
      772.14,
      130.30199,
      16.200012
    ],
    "text": "Receipt of Property Tax"
  },
  {
    "type": "H1",
    "page": 1,
    "rect": [
      14.923,
      756.54,
      138.103,
      12.600037
    ],
    "text": "Assessment Number : 3309"
  },
  {
    "type": "H1",
    "page": 1,
    "rect": [
      14.923,
      736.203,
      402.079,
      12.600037
    ],
    "text": "Name of the Owner : Dhinagaran Father/Husband Name : Ashokan"
  },
  {
    "type": "H1",
    "page": 1,
    "rect": [
      14.923,
      709.628,
      440.42502,
      12.600037
    ],
    "text": "Receipt Number : 2025-2026/9/10/20/1/356 Date : 06-11-2025 09:49"
  },
  {
    "type": "H1",
    "page": 1,
    "rect": [
      14.923,
      683.053,
      396.43002,
      12.600037
    ],
    "text": "Habitation Name : Mokkanurpatti Ward No : Ward 1"
  },
  {
    "type": "H1",
    "page": 1,
    "rect": [
      14.923,
      656.47797,
      384.04,
      12.600037
    ],
    "text": "Street Name : Maariyamman kovil street Door No : 2/99"
  },
  {
    "type": "H1",
    "page": 1,
    "rect": [
      14.923,
      636.141,
      430.513,
      12.600037
    ],
    "text": "Mode of Payment : POS - Cash Usage Type : Own Residence"
  },
  {
    "type": "H1",
    "page": 1,
    "rect": [
      316.773,
      621.29095,
      58.316986,
      12.600037
    ],
    "text": "Amount in Rs"
  },
  {
    "type": "H1",
    "page": 1,
    "rect": [
      28.743,
      613.86597,
      503.60947,
      12.600037
    ],
    "text": "Demand detail Taxation period Note"
  },
  {
    "type": "H1",
    "page": 1,
    "rect": [
      274.024,
      606.441,
      188.42252,
      12.600037
    ],
    "text": "Arrears Amount Current Total"
  },
  {
    "type": "H1",
    "page": 1,
    "rect": [
      15.673,
      591.066,
      446.023,
      13.125061
    ],
    "text": "Property demand 2024-2025 (Yearly) 275 0 275"
  },
  {
    "type": "H1",
    "page": 1,
    "rect": [
      479.269,
      584.841,
      85.76401,
      12.600037
    ],
    "text": "Building Type: RCC"
  },
  {
    "type": "H1",
    "page": 1,
    "rect": [
      15.673,
      576.216,
      446.023,
      13.125
    ],
    "text": "Library Tax 2024-2025 (Yearly) 28 0 28"
  },
  {
    "type": "H1",
    "page": 1,
    "rect": [
      15.673,
      561.891,
      446.023,
      12.600037
    ],
    "text": "Property demand 2025-2026 (First Half) 138 138"
  },
  {
    "type": "H1",
    "page": 1,
    "rect": [
      380.933,
      561.36597,
      5.25,
      12.600037
    ],
    "text": "0"
  },
  {
    "type": "H1",
    "page": 1,
    "rect": [
      15.673,
      547.04095,
      446.023,
      12.600037
    ],
    "text": "Property demand 2025-2026 (Second Half) 138 138"
  },
  {
    "type": "H1",
    "page": 1,
    "rect": [
      380.933,
      546.516,
      5.25,
      12.600037
    ],
    "text": "0"
  },
  {
    "type": "H1",
    "page": 1,
    "rect": [
      15.673,
      532.191,
      446.023,
      12.600037
    ],
    "text": "Library Tax 2025-2026 (First Half) 14 14"
  },
  {
    "type": "H1",
    "page": 1,
    "rect": [
      380.933,
      531.66595,
      5.25,
      12.600037
    ],
    "text": "0"
  },
  {
    "type": "H1",
    "page": 1,
    "rect": [
      15.673,
      517.341,
      446.023,
      12.600037
    ],
    "text": "Library Tax 2025-2026 (Second Half) 14 14"
  },
  {
    "type": "H1",
    "page": 1,
    "rect": [
      380.933,
      516.816,
      5.25,
      12.600037
    ],
    "text": "0"
  },
  {
    "type": "H1",
    "page": 1,
    "rect": [
      416.663,
      502.491,
      45.78302,
      12.600006
    ],
    "text": "Total 607"
  },
  {
    "type": "H1",
    "page": 1,
    "rect": [
      328.673,
      478.641,
      10.5,
      12.600006
    ],
    "text": "?"
  },
  {
    "type": "H1",
    "page": 1,
    "rect": [
      15.673,
      463.491,
      211.86903,
      12.600006
    ],
    "text": "Rupees(?) :Six Hundred and Seven Only Received"
  },
  {
    "type": "H1",
    "page": 1,
    "rect": [
      466.123,
      464.54102,
      87.66449,
      12.600006
    ],
    "text": "Executive Authority/"
  },
  {
    "type": "H1",
    "page": 1,
    "rect": [
      285.067,
      458.241,
      97.71301,
      12.600006
    ],
    "text": "?Panchayat Secretary,"
  },
  {
    "type": "H1",
    "page": 1,
    "rect": [
      477.721,
      451.941,
      64.47003,
      12.600006
    ],
    "text": "Special O?cer,"
  },
  {
    "type": "H1",
    "page": 1,
    "rect": [
      265.122,
      445.641,
      137.60248,
      12.600006
    ],
    "text": "?Santhapatti Village Panchayat."
  },
  {
    "type": "H1",
    "page": 1,
    "rect": [
      485.291,
      439.341,
      49.32901,
      12.600006
    ],
    "text": "Santhapatti."
  },
  {
    "type": "P",
    "page": 1,
    "rect": [
      14.173,
      428.211,
      174.885,
      9.0
    ],
    "text": "*This is Computer Generated Bill. No Signature Required."
  }
]